request_id,instrument_name,identifiers_name,identifiers_value
fil_req_id_0000001,pocFilInsName0000001,ClientInternal,filInternalId0000001
fil_req_id_0000002,pocFilInsName0000002,ClientInternal,filInternalId0000002
fil_req_id_0000003,pocFilInsName0000003,ClientInternal,filInternalId0000003
fil_req_id_0000004,pocFilInsName0000004,ClientInternal,filInternalId0000004
fil_req_id_0000005,pocFilInsName0000005,ClientInternal,filInternalId0000005
fil_req_id_0000006,pocFilInsName0000006,ClientInternal,filInternalId0000006
fil_req_id_0000007,pocFilInsName0000007,ClientInternal,filInternalId0000007
fil_req_id_0000008,pocFilInsName0000008,ClientInternal,filInternalId0000008
fil_req_id_0000009,pocFilInsName0000009,ClientInternal,filInternalId0000009
fil_req_id_0000010,pocFilInsName0000010,ClientInternal,filInternalId0000010
fil_req_id_0000011,pocFilInsName0000011,ClientInternal,filInternalId0000011
fil_req_id_0000012,pocFilInsName0000012,ClientInternal,filInternalId0000012
fil_req_id_0000013,pocFilInsName0000013,ClientInternal,filInternalId0000013
fil_req_id_0000014,pocFilInsName0000014,ClientInternal,filInternalId0000014
fil_req_id_0000015,pocFilInsName0000015,ClientInternal,filInternalId0000015
fil_req_id_0000016,pocFilInsName0000016,ClientInternal,filInternalId0000016
fil_req_id_0000017,pocFilInsName0000017,ClientInternal,filInternalId0000017
fil_req_id_0000018,pocFilInsName0000018,ClientInternal,filInternalId0000018
fil_req_id_0000019,pocFilInsName0000019,ClientInternal,filInternalId0000019
fil_req_id_0000020,pocFilInsName0000020,ClientInternal,filInternalId0000020
fil_req_id_0000021,pocFilInsName0000021,ClientInternal,filInternalId0000021
fil_req_id_0000022,pocFilInsName0000022,ClientInternal,filInternalId0000022
fil_req_id_0000023,pocFilInsName0000023,ClientInternal,filInternalId0000023
fil_req_id_0000024,pocFilInsName0000024,ClientInternal,filInternalId0000024
fil_req_id_0000025,pocFilInsName0000025,ClientInternal,filInternalId0000025
fil_req_id_0000026,pocFilInsName0000026,ClientInternal,filInternalId0000026
fil_req_id_0000027,pocFilInsName0000027,ClientInternal,filInternalId0000027
fil_req_id_0000028,pocFilInsName0000028,ClientInternal,filInternalId0000028
fil_req_id_0000029,pocFilInsName0000029,ClientInternal,filInternalId0000029
fil_req_id_0000030,pocFilInsName0000030,ClientInternal,filInternalId0000030
fil_req_id_0000031,pocFilInsName0000031,ClientInternal,filInternalId0000031
fil_req_id_0000032,pocFilInsName0000032,ClientInternal,filInternalId0000032
fil_req_id_0000033,pocFilInsName0000033,ClientInternal,filInternalId0000033
fil_req_id_0000034,pocFilInsName0000034,ClientInternal,filInternalId0000034
fil_req_id_0000035,pocFilInsName0000035,ClientInternal,filInternalId0000035
fil_req_id_0000036,pocFilInsName0000036,ClientInternal,filInternalId0000036
fil_req_id_0000037,pocFilInsName0000037,ClientInternal,filInternalId0000037
fil_req_id_0000038,pocFilInsName0000038,ClientInternal,filInternalId0000038
fil_req_id_0000039,pocFilInsName0000039,ClientInternal,filInternalId0000039
fil_req_id_0000040,pocFilInsName0000040,ClientInternal,filInternalId0000040
fil_req_id_0000041,pocFilInsName0000041,ClientInternal,filInternalId0000041
fil_req_id_0000042,pocFilInsName0000042,ClientInternal,filInternalId0000042
fil_req_id_0000043,pocFilInsName0000043,ClientInternal,filInternalId0000043
fil_req_id_0000044,pocFilInsName0000044,ClientInternal,filInternalId0000044
fil_req_id_0000045,pocFilInsName0000045,ClientInternal,filInternalId0000045
fil_req_id_0000046,pocFilInsName0000046,ClientInternal,filInternalId0000046
fil_req_id_0000047,pocFilInsName0000047,ClientInternal,filInternalId0000047
fil_req_id_0000048,pocFilInsName0000048,ClientInternal,filInternalId0000048
fil_req_id_0000049,pocFilInsName0000049,ClientInternal,filInternalId0000049
